,Id,Pred_Sale_Price
0,1461,67611.38269361824
1,1462,67611.38269361824
2,1463,67611.38269361824
3,1464,67611.38269361824
4,1465,67611.38269361824
5,1466,67611.38269361824
6,1467,67611.38269361824
7,1468,67611.38269361824
8,1469,67611.38269361824
9,1470,67611.38269361824
10,1471,67611.38269361824
11,1472,67611.38269361824
12,1473,67611.38269361824
13,1474,67611.38269361824
14,1475,67611.38269361824
15,1476,67611.38269361824
16,1477,67611.38269361824
17,1478,67611.38269361824
18,1479,67611.38269361824
19,1480,67611.38269361824
20,1481,67611.38269361824
21,1482,67611.38269361824
22,1483,67611.38269361824
23,1484,67611.38269361824
24,1485,67611.38269361824
25,1486,67611.38269361824
26,1487,67611.38269361824
27,1488,67611.38269361824
28,1489,67611.38269361824
29,1490,67611.38269361824
30,1491,67611.38269361824
31,1492,67611.38269361824
32,1493,67611.38269361824
33,1494,67611.38269361824
34,1495,67611.38269361824
35,1496,67611.38269361824
36,1497,67611.38269361824
37,1498,67611.38269361824
38,1499,67611.38269361824
39,1500,67611.38269361824
40,1501,67611.38269361824
41,1502,67611.38269361824
42,1503,67611.38269361824
43,1504,67611.38269361824
44,1505,67611.38269361824
45,1506,67611.38269361824
46,1507,67611.38269361824
47,1508,67611.38269361824
48,1509,67611.38269361824
49,1510,67611.38269361824
50,1511,67611.38269361824
51,1512,67611.38269361824
52,1513,67611.38269361824
53,1514,67611.38269361824
54,1515,67611.38269361824
55,1516,67611.38269361824
56,1517,67611.38269361824
57,1518,67611.38269361824
58,1519,67611.38269361824
59,1520,67611.38269361824
60,1521,67611.38269361824
61,1522,67611.38269361824
62,1523,67611.38269361824
63,1524,67611.38269361824
64,1525,67611.38269361824
65,1526,67611.38269361824
66,1527,67611.38269361824
67,1528,67611.38269361824
68,1529,67611.38269361824
69,1530,67611.38269361824
70,1531,67611.38269361824
71,1532,67611.38269361824
72,1533,67611.38269361824
73,1534,67611.38269361824
74,1535,67611.38269361824
75,1536,67611.38269361824
76,1537,67611.38269361824
77,1538,67611.38269361824
78,1539,67611.38269361824
79,1540,67611.38269361824
80,1541,67611.38269361824
81,1542,67611.38269361824
82,1543,67611.38269361824
83,1544,67611.38269361824
84,1545,67611.38269361824
85,1546,67611.38269361824
86,1547,67611.38269361824
87,1548,67611.38269361824
88,1549,67611.38269361824
89,1550,67611.38269361824
90,1551,67611.38269361824
91,1552,67611.38269361824
92,1553,67611.38269361824
93,1554,67611.38269361824
94,1555,67611.38269361824
95,1556,67611.38269361824
96,1557,67611.38269361824
97,1558,67611.38269361824
98,1559,67611.38269361824
99,1560,67611.38269361824
100,1561,67611.38269361824
101,1562,67611.38269361824
102,1563,67611.38269361824
103,1564,67611.38269361824
104,1565,67611.38269361824
105,1566,67611.38269361824
106,1567,67611.38269361824
107,1568,67611.38269361824
108,1569,67611.38269361824
109,1570,67611.38269361824
110,1571,67611.38269361824
111,1572,67611.38269361824
112,1573,67611.38269361824
113,1574,67611.38269361824
114,1575,67611.38269361824
115,1576,67611.38269361824
116,1577,67611.38269361824
117,1578,67611.38269361824
118,1579,67611.38269361824
119,1580,67611.38269361824
120,1581,67611.38269361824
121,1582,67611.38269361824
122,1583,67611.38269361824
123,1584,67611.38269361824
124,1585,67611.38269361824
125,1586,67611.38269361824
126,1587,67611.38269361824
127,1588,67611.38269361824
128,1589,67611.38269361824
129,1590,67611.38269361824
130,1591,67611.38269361824
131,1592,67611.38269361824
132,1593,67611.38269361824
133,1594,67611.38269361824
134,1595,67611.38269361824
135,1596,67611.38269361824
136,1597,67611.38269361824
137,1598,67611.38269361824
138,1599,67611.38269361824
139,1600,67611.38269361824
140,1601,67611.38269361824
141,1602,67611.38269361824
142,1603,67611.38269361824
143,1604,67611.38269361824
144,1605,67611.38269361824
145,1606,67611.38269361824
146,1607,67611.38269361824
147,1608,67611.38269361824
148,1609,67611.38269361824
149,1610,67611.38269361824
150,1611,67611.38269361824
151,1612,67611.38269361824
152,1613,67611.38269361824
153,1614,67611.38269361824
154,1615,67611.38269361824
155,1616,67611.38269361824
156,1617,67611.38269361824
157,1618,67611.38269361824
158,1619,67611.38269361824
159,1620,67611.38269361824
160,1621,67611.38269361824
161,1622,67611.38269361824
162,1623,67611.38269361824
163,1624,67611.38269361824
164,1625,67611.38269361824
165,1626,67611.38269361824
166,1627,67611.38269361824
167,1628,67611.38269361824
168,1629,67611.38269361824
169,1630,67611.38269361824
170,1631,67611.38269361824
171,1632,67611.38269361824
172,1633,67611.38269361824
173,1634,67611.38269361824
174,1635,67611.38269361824
175,1636,67611.38269361824
176,1637,67611.38269361824
177,1638,67611.38269361824
178,1639,67611.38269361824
179,1640,67611.38269361824
180,1641,67611.38269361824
181,1642,67611.38269361824
182,1643,67611.38269361824
183,1644,67611.38269361824
184,1645,67611.38269361824
185,1646,67611.38269361824
186,1647,67611.38269361824
187,1648,67611.38269361824
188,1649,67611.38269361824
189,1650,67611.38269361824
190,1651,67611.38269361824
191,1652,67611.38269361824
192,1653,67611.38269361824
193,1654,67611.38269361824
194,1655,67611.38269361824
195,1656,67611.38269361824
196,1657,67611.38269361824
197,1658,67611.38269361824
198,1659,67611.38269361824
199,1660,67611.38269361824
200,1661,67611.38269361824
201,1662,67611.38269361824
202,1663,67611.38269361824
203,1664,67611.38269361824
204,1665,67611.38269361824
205,1666,67611.38269361824
206,1667,67611.38269361824
207,1668,67611.38269361824
208,1669,67611.38269361824
209,1670,67611.38269361824
210,1671,67611.38269361824
211,1672,67611.38269361824
212,1673,67611.38269361824
213,1674,67611.38269361824
214,1675,67611.38269361824
215,1676,67611.38269361824
216,1677,67611.38269361824
217,1678,67611.38269361824
218,1679,67611.38269361824
219,1680,67611.38269361824
220,1681,67611.38269361824
221,1682,67611.38269361824
222,1683,67611.38269361824
223,1684,67611.38269361824
224,1685,67611.38269361824
225,1686,67611.38269361824
226,1687,67611.38269361824
227,1688,67611.38269361824
228,1689,67611.38269361824
229,1690,67611.38269361824
230,1691,67611.38269361824
231,1692,67611.38269361824
232,1693,67611.38269361824
233,1694,67611.38269361824
234,1695,67611.38269361824
235,1696,67611.38269361824
236,1697,67611.38269361824
237,1698,67611.38269361824
238,1699,67611.38269361824
239,1700,67611.38269361824
240,1701,67611.38269361824
241,1702,67611.38269361824
242,1703,67611.38269361824
243,1704,67611.38269361824
244,1705,67611.38269361824
245,1706,67611.38269361824
246,1707,67611.38269361824
247,1708,67611.38269361824
248,1709,67611.38269361824
249,1710,67611.38269361824
250,1711,67611.38269361824
251,1712,67611.38269361824
252,1713,67611.38269361824
253,1714,67611.38269361824
254,1715,67611.38269361824
255,1716,67611.38269361824
256,1717,67611.38269361824
257,1718,67611.38269361824
258,1719,67611.38269361824
259,1720,67611.38269361824
260,1721,67611.38269361824
261,1722,67611.38269361824
262,1723,67611.38269361824
263,1724,67611.38269361824
264,1725,67611.38269361824
265,1726,67611.38269361824
266,1727,67611.38269361824
267,1728,67611.38269361824
268,1729,67611.38269361824
269,1730,67611.38269361824
270,1731,67611.38269361824
271,1732,67611.38269361824
272,1733,67611.38269361824
273,1734,67611.38269361824
274,1735,67611.38269361824
275,1736,67611.38269361824
276,1737,67611.38269361824
277,1738,67611.38269361824
278,1739,67611.38269361824
279,1740,67611.38269361824
280,1741,67611.38269361824
281,1742,67611.38269361824
282,1743,67611.38269361824
283,1744,67611.38269361824
284,1745,67611.38269361824
285,1746,67611.38269361824
286,1747,67611.38269361824
287,1748,67611.38269361824
288,1749,67611.38269361824
289,1750,67611.38269361824
290,1751,67611.38269361824
291,1752,67611.38269361824
292,1753,67611.38269361824
293,1754,67611.38269361824
294,1755,67611.38269361824
295,1756,67611.38269361824
296,1757,67611.38269361824
297,1758,67611.38269361824
298,1759,67611.38269361824
299,1760,67611.38269361824
300,1761,67611.38269361824
301,1762,67611.38269361824
302,1763,67611.38269361824
303,1764,67611.38269361824
304,1765,67611.38269361824
305,1766,67611.38269361824
306,1767,67611.38269361824
307,1768,67611.38269361824
308,1769,67611.38269361824
309,1770,67611.38269361824
310,1771,67611.38269361824
311,1772,67611.38269361824
312,1773,67611.38269361824
313,1774,67611.38269361824
314,1775,67611.38269361824
315,1776,67611.38269361824
316,1777,67611.38269361824
317,1778,67611.38269361824
318,1779,67611.38269361824
319,1780,67611.38269361824
320,1781,67611.38269361824
321,1782,67611.38269361824
322,1783,67611.38269361824
323,1784,67611.38269361824
324,1785,67611.38269361824
325,1786,67611.38269361824
326,1787,67611.38269361824
327,1788,67611.38269361824
328,1789,67611.38269361824
329,1790,67611.38269361824
330,1791,67611.38269361824
331,1792,67611.38269361824
332,1793,67611.38269361824
333,1794,67611.38269361824
334,1795,67611.38269361824
335,1796,67611.38269361824
336,1797,67611.38269361824
337,1798,67611.38269361824
338,1799,67611.38269361824
339,1800,67611.38269361824
340,1801,67611.38269361824
341,1802,67611.38269361824
342,1803,67611.38269361824
343,1804,67611.38269361824
344,1805,67611.38269361824
345,1806,67611.38269361824
346,1807,67611.38269361824
347,1808,67611.38269361824
348,1809,67611.38269361824
349,1810,67611.38269361824
350,1811,67611.38269361824
351,1812,67611.38269361824
352,1813,67611.38269361824
353,1814,67611.38269361824
354,1815,67611.38269361824
355,1816,67611.38269361824
356,1817,67611.38269361824
357,1818,67611.38269361824
358,1819,67611.38269361824
359,1820,67611.38269361824
360,1821,67611.38269361824
361,1822,67611.38269361824
362,1823,67611.38269361824
363,1824,67611.38269361824
364,1825,67611.38269361824
365,1826,67611.38269361824
366,1827,67611.38269361824
367,1828,67611.38269361824
368,1829,67611.38269361824
369,1830,67611.38269361824
370,1831,67611.38269361824
371,1832,67611.38269361824
372,1833,67611.38269361824
373,1834,67611.38269361824
374,1835,67611.38269361824
375,1836,67611.38269361824
376,1837,67611.38269361824
377,1838,67611.38269361824
378,1839,67611.38269361824
379,1840,67611.38269361824
380,1841,67611.38269361824
381,1842,67611.38269361824
382,1843,67611.38269361824
383,1844,67611.38269361824
384,1845,67611.38269361824
385,1846,67611.38269361824
386,1847,67611.38269361824
387,1848,67611.38269361824
388,1849,67611.38269361824
389,1850,67611.38269361824
390,1851,67611.38269361824
391,1852,67611.38269361824
392,1853,67611.38269361824
393,1854,67611.38269361824
394,1855,67611.38269361824
395,1856,67611.38269361824
396,1857,67611.38269361824
397,1858,67611.38269361824
398,1859,67611.38269361824
399,1860,67611.38269361824
400,1861,67611.38269361824
401,1862,67611.38269361824
402,1863,67611.38269361824
403,1864,67611.38269361824
404,1865,67611.38269361824
405,1866,67611.38269361824
406,1867,67611.38269361824
407,1868,67611.38269361824
408,1869,67611.38269361824
409,1870,67611.38269361824
410,1871,67611.38269361824
411,1872,67611.38269361824
412,1873,67611.38269361824
413,1874,67611.38269361824
414,1875,67611.38269361824
415,1876,67611.38269361824
416,1877,67611.38269361824
417,1878,67611.38269361824
418,1879,67611.38269361824
419,1880,67611.38269361824
420,1881,67611.38269361824
421,1882,67611.38269361824
422,1883,67611.38269361824
423,1884,67611.38269361824
424,1885,67611.38269361824
425,1886,67611.38269361824
426,1887,67611.38269361824
427,1888,67611.38269361824
428,1889,67611.38269361824
429,1890,67611.38269361824
430,1891,67611.38269361824
431,1892,67611.38269361824
432,1893,67611.38269361824
433,1894,67611.38269361824
434,1895,67611.38269361824
435,1896,67611.38269361824
436,1897,67611.38269361824
437,1898,67611.38269361824
438,1899,67611.38269361824
439,1900,67611.38269361824
440,1901,67611.38269361824
441,1902,67611.38269361824
442,1903,67611.38269361824
443,1904,67611.38269361824
444,1905,67611.38269361824
445,1906,67611.38269361824
446,1907,67611.38269361824
447,1908,67611.38269361824
448,1909,67611.38269361824
449,1910,67611.38269361824
450,1911,67611.38269361824
451,1912,67611.38269361824
452,1913,67611.38269361824
453,1914,67611.38269361824
454,1915,67611.38269361824
455,1916,67611.38269361824
456,1917,67611.38269361824
457,1918,67611.38269361824
458,1919,67611.38269361824
459,1920,67611.38269361824
460,1921,67611.38269361824
461,1922,67611.38269361824
462,1923,67611.38269361824
463,1924,67611.38269361824
464,1925,67611.38269361824
465,1926,67611.38269361824
466,1927,67611.38269361824
467,1928,67611.38269361824
468,1929,67611.38269361824
469,1930,67611.38269361824
470,1931,67611.38269361824
471,1932,67611.38269361824
472,1933,67611.38269361824
473,1934,67611.38269361824
474,1935,67611.38269361824
475,1936,67611.38269361824
476,1937,67611.38269361824
477,1938,67611.38269361824
478,1939,67611.38269361824
479,1940,67611.38269361824
480,1941,67611.38269361824
481,1942,67611.38269361824
482,1943,67611.38269361824
483,1944,67611.38269361824
484,1945,67611.38269361824
485,1946,67611.38269361824
486,1947,67611.38269361824
487,1948,67611.38269361824
488,1949,67611.38269361824
489,1950,67611.38269361824
490,1951,67611.38269361824
491,1952,67611.38269361824
492,1953,67611.38269361824
493,1954,67611.38269361824
494,1955,67611.38269361824
495,1956,67611.38269361824
496,1957,67611.38269361824
497,1958,67611.38269361824
498,1959,67611.38269361824
499,1960,67611.38269361824
500,1961,67611.38269361824
501,1962,67611.38269361824
502,1963,67611.38269361824
503,1964,67611.38269361824
504,1965,67611.38269361824
505,1966,67611.38269361824
506,1967,67611.38269361824
507,1968,67611.38269361824
508,1969,67611.38269361824
509,1970,67611.38269361824
510,1971,67611.38269361824
511,1972,67611.38269361824
512,1973,67611.38269361824
513,1974,67611.38269361824
514,1975,67611.38269361824
515,1976,67611.38269361824
516,1977,67611.38269361824
517,1978,67611.38269361824
518,1979,67611.38269361824
519,1980,67611.38269361824
520,1981,67611.38269361824
521,1982,67611.38269361824
522,1983,67611.38269361824
523,1984,67611.38269361824
524,1985,67611.38269361824
525,1986,67611.38269361824
526,1987,67611.38269361824
527,1988,67611.38269361824
528,1989,67611.38269361824
529,1990,67611.38269361824
530,1991,67611.38269361824
531,1992,67611.38269361824
532,1993,67611.38269361824
533,1994,67611.38269361824
534,1995,67611.38269361824
535,1996,67611.38269361824
536,1997,67611.38269361824
537,1998,67611.38269361824
538,1999,67611.38269361824
539,2000,67611.38269361824
540,2001,67611.38269361824
541,2002,67611.38269361824
542,2003,67611.38269361824
543,2004,67611.38269361824
544,2005,67611.38269361824
545,2006,67611.38269361824
546,2007,67611.38269361824
547,2008,67611.38269361824
548,2009,67611.38269361824
549,2010,67611.38269361824
550,2011,67611.38269361824
551,2012,67611.38269361824
552,2013,67611.38269361824
553,2014,67611.38269361824
554,2015,67611.38269361824
555,2016,67611.38269361824
556,2017,67611.38269361824
557,2018,67611.38269361824
558,2019,67611.38269361824
559,2020,67611.38269361824
560,2021,67611.38269361824
561,2022,67611.38269361824
562,2023,67611.38269361824
563,2024,67611.38269361824
564,2025,67611.38269361824
565,2026,67611.38269361824
566,2027,67611.38269361824
567,2028,67611.38269361824
568,2029,67611.38269361824
569,2030,67611.38269361824
570,2031,67611.38269361824
571,2032,67611.38269361824
572,2033,67611.38269361824
573,2034,67611.38269361824
574,2035,67611.38269361824
575,2036,67611.38269361824
576,2037,67611.38269361824
577,2038,67611.38269361824
578,2039,67611.38269361824
579,2040,67611.38269361824
580,2041,67611.38269361824
581,2042,67611.38269361824
582,2043,67611.38269361824
583,2044,67611.38269361824
584,2045,67611.38269361824
585,2046,67611.38269361824
586,2047,67611.38269361824
587,2048,67611.38269361824
588,2049,67611.38269361824
589,2050,67611.38269361824
590,2051,67611.38269361824
591,2052,67611.38269361824
592,2053,67611.38269361824
593,2054,67611.38269361824
594,2055,67611.38269361824
595,2056,67611.38269361824
596,2057,67611.38269361824
597,2058,67611.38269361824
598,2059,67611.38269361824
599,2060,67611.38269361824
600,2061,67611.38269361824
601,2062,67611.38269361824
602,2063,67611.38269361824
603,2064,67611.38269361824
604,2065,67611.38269361824
605,2066,67611.38269361824
606,2067,67611.38269361824
607,2068,67611.38269361824
608,2069,67611.38269361824
609,2070,67611.38269361824
610,2071,67611.38269361824
611,2072,67611.38269361824
612,2073,67611.38269361824
613,2074,67611.38269361824
614,2075,67611.38269361824
615,2076,67611.38269361824
616,2077,67611.38269361824
617,2078,67611.38269361824
618,2079,67611.38269361824
619,2080,67611.38269361824
620,2081,67611.38269361824
621,2082,67611.38269361824
622,2083,67611.38269361824
623,2084,67611.38269361824
624,2085,67611.38269361824
625,2086,67611.38269361824
626,2087,67611.38269361824
627,2088,67611.38269361824
628,2089,67611.38269361824
629,2090,67611.38269361824
630,2091,67611.38269361824
631,2092,67611.38269361824
632,2093,67611.38269361824
633,2094,67611.38269361824
634,2095,67611.38269361824
635,2096,67611.38269361824
636,2097,67611.38269361824
637,2098,67611.38269361824
638,2099,67611.38269361824
639,2100,67611.38269361824
640,2101,67611.38269361824
641,2102,67611.38269361824
642,2103,67611.38269361824
643,2104,67611.38269361824
644,2105,67611.38269361824
645,2106,67611.38269361824
646,2107,67611.38269361824
647,2108,67611.38269361824
648,2109,67611.38269361824
649,2110,67611.38269361824
650,2111,67611.38269361824
651,2112,67611.38269361824
652,2113,67611.38269361824
653,2114,67611.38269361824
654,2115,67611.38269361824
655,2116,67611.38269361824
656,2117,67611.38269361824
657,2118,67611.38269361824
658,2119,67611.38269361824
659,2120,67611.38269361824
660,2121,67611.38269361824
661,2122,67611.38269361824
662,2123,67611.38269361824
663,2124,67611.38269361824
664,2125,67611.38269361824
665,2126,67611.38269361824
666,2127,67611.38269361824
667,2128,67611.38269361824
668,2129,67611.38269361824
669,2130,67611.38269361824
670,2131,67611.38269361824
671,2132,67611.38269361824
672,2133,67611.38269361824
673,2134,67611.38269361824
674,2135,67611.38269361824
675,2136,67611.38269361824
676,2137,67611.38269361824
677,2138,67611.38269361824
678,2139,67611.38269361824
679,2140,67611.38269361824
680,2141,67611.38269361824
681,2142,67611.38269361824
682,2143,67611.38269361824
683,2144,67611.38269361824
684,2145,67611.38269361824
685,2146,67611.38269361824
686,2147,67611.38269361824
687,2148,67611.38269361824
688,2149,67611.38269361824
689,2150,67611.38269361824
690,2151,67611.38269361824
691,2152,67611.38269361824
692,2153,67611.38269361824
693,2154,67611.38269361824
694,2155,67611.38269361824
695,2156,67611.38269361824
696,2157,67611.38269361824
697,2158,67611.38269361824
698,2159,67611.38269361824
699,2160,67611.38269361824
700,2161,67611.38269361824
701,2162,67611.38269361824
702,2163,67611.38269361824
703,2164,67611.38269361824
704,2165,67611.38269361824
705,2166,67611.38269361824
706,2167,67611.38269361824
707,2168,67611.38269361824
708,2169,67611.38269361824
709,2170,67611.38269361824
710,2171,67611.38269361824
711,2172,67611.38269361824
712,2173,67611.38269361824
713,2174,67611.38269361824
714,2175,67611.38269361824
715,2176,67611.38269361824
716,2177,67611.38269361824
717,2178,67611.38269361824
718,2179,67611.38269361824
719,2180,67611.38269361824
720,2181,67611.38269361824
721,2182,67611.38269361824
722,2183,67611.38269361824
723,2184,67611.38269361824
724,2185,67611.38269361824
725,2186,67611.38269361824
726,2187,67611.38269361824
727,2188,67611.38269361824
728,2189,67611.38269361824
729,2190,67611.38269361824
730,2191,67611.38269361824
731,2192,67611.38269361824
732,2193,67611.38269361824
733,2194,67611.38269361824
734,2195,67611.38269361824
735,2196,67611.38269361824
736,2197,67611.38269361824
737,2198,67611.38269361824
738,2199,67611.38269361824
739,2200,67611.38269361824
740,2201,67611.38269361824
741,2202,67611.38269361824
742,2203,67611.38269361824
743,2204,67611.38269361824
744,2205,67611.38269361824
745,2206,67611.38269361824
746,2207,67611.38269361824
747,2208,67611.38269361824
748,2209,67611.38269361824
749,2210,67611.38269361824
750,2211,67611.38269361824
751,2212,67611.38269361824
752,2213,67611.38269361824
753,2214,67611.38269361824
754,2215,67611.38269361824
755,2216,67611.38269361824
756,2217,67611.38269361824
757,2218,67611.38269361824
758,2219,67611.38269361824
759,2220,67611.38269361824
760,2221,67611.38269361824
761,2222,67611.38269361824
762,2223,67611.38269361824
763,2224,67611.38269361824
764,2225,67611.38269361824
765,2226,67611.38269361824
766,2227,67611.38269361824
767,2228,67611.38269361824
768,2229,67611.38269361824
769,2230,67611.38269361824
770,2231,67611.38269361824
771,2232,67611.38269361824
772,2233,67611.38269361824
773,2234,67611.38269361824
774,2235,67611.38269361824
775,2236,67611.38269361824
776,2237,67611.38269361824
777,2238,67611.38269361824
778,2239,67611.38269361824
779,2240,67611.38269361824
780,2241,67611.38269361824
781,2242,67611.38269361824
782,2243,67611.38269361824
783,2244,67611.38269361824
784,2245,67611.38269361824
785,2246,67611.38269361824
786,2247,67611.38269361824
787,2248,67611.38269361824
788,2249,67611.38269361824
789,2250,67611.38269361824
790,2251,67611.38269361824
791,2252,67611.38269361824
792,2253,67611.38269361824
793,2254,67611.38269361824
794,2255,67611.38269361824
795,2256,67611.38269361824
796,2257,67611.38269361824
797,2258,67611.38269361824
798,2259,67611.38269361824
799,2260,67611.38269361824
800,2261,67611.38269361824
801,2262,67611.38269361824
802,2263,67611.38269361824
803,2264,67611.38269361824
804,2265,67611.38269361824
805,2266,67611.38269361824
806,2267,67611.38269361824
807,2268,67611.38269361824
808,2269,67611.38269361824
809,2270,67611.38269361824
810,2271,67611.38269361824
811,2272,67611.38269361824
812,2273,67611.38269361824
813,2274,67611.38269361824
814,2275,67611.38269361824
815,2276,67611.38269361824
816,2277,67611.38269361824
817,2278,67611.38269361824
818,2279,67611.38269361824
819,2280,67611.38269361824
820,2281,67611.38269361824
821,2282,67611.38269361824
822,2283,67611.38269361824
823,2284,67611.38269361824
824,2285,67611.38269361824
825,2286,67611.38269361824
826,2287,67611.38269361824
827,2288,67611.38269361824
828,2289,67611.38269361824
829,2290,67611.38269361824
830,2291,67611.38269361824
831,2292,67611.38269361824
832,2293,67611.38269361824
833,2294,67611.38269361824
834,2295,67611.38269361824
835,2296,67611.38269361824
836,2297,67611.38269361824
837,2298,67611.38269361824
838,2299,67611.38269361824
839,2300,67611.38269361824
840,2301,67611.38269361824
841,2302,67611.38269361824
842,2303,67611.38269361824
843,2304,67611.38269361824
844,2305,67611.38269361824
845,2306,67611.38269361824
846,2307,67611.38269361824
847,2308,67611.38269361824
848,2309,67611.38269361824
849,2310,67611.38269361824
850,2311,67611.38269361824
851,2312,67611.38269361824
852,2313,67611.38269361824
853,2314,67611.38269361824
854,2315,67611.38269361824
855,2316,67611.38269361824
856,2317,67611.38269361824
857,2318,67611.38269361824
858,2319,67611.38269361824
859,2320,67611.38269361824
860,2321,67611.38269361824
861,2322,67611.38269361824
862,2323,67611.38269361824
863,2324,67611.38269361824
864,2325,67611.38269361824
865,2326,67611.38269361824
866,2327,67611.38269361824
867,2328,67611.38269361824
868,2329,67611.38269361824
869,2330,67611.38269361824
870,2331,67611.38269361824
871,2332,67611.38269361824
872,2333,67611.38269361824
873,2334,67611.38269361824
874,2335,67611.38269361824
875,2336,67611.38269361824
876,2337,67611.38269361824
877,2338,67611.38269361824
878,2339,67611.38269361824
879,2340,67611.38269361824
880,2341,67611.38269361824
881,2342,67611.38269361824
882,2343,67611.38269361824
883,2344,67611.38269361824
884,2345,67611.38269361824
885,2346,67611.38269361824
886,2347,67611.38269361824
887,2348,67611.38269361824
888,2349,67611.38269361824
889,2350,67611.38269361824
890,2351,67611.38269361824
891,2352,67611.38269361824
892,2353,67611.38269361824
893,2354,67611.38269361824
894,2355,67611.38269361824
895,2356,67611.38269361824
896,2357,67611.38269361824
897,2358,67611.38269361824
898,2359,67611.38269361824
899,2360,67611.38269361824
900,2361,67611.38269361824
901,2362,67611.38269361824
902,2363,67611.38269361824
903,2364,67611.38269361824
904,2365,67611.38269361824
905,2366,67611.38269361824
906,2367,67611.38269361824
907,2368,67611.38269361824
908,2369,67611.38269361824
909,2370,67611.38269361824
910,2371,67611.38269361824
911,2372,67611.38269361824
912,2373,67611.38269361824
913,2374,67611.38269361824
914,2375,67611.38269361824
915,2376,67611.38269361824
916,2377,67611.38269361824
917,2378,67611.38269361824
918,2379,67611.38269361824
919,2380,67611.38269361824
920,2381,67611.38269361824
921,2382,67611.38269361824
922,2383,67611.38269361824
923,2384,67611.38269361824
924,2385,67611.38269361824
925,2386,67611.38269361824
926,2387,67611.38269361824
927,2388,67611.38269361824
928,2389,67611.38269361824
929,2390,67611.38269361824
930,2391,67611.38269361824
931,2392,67611.38269361824
932,2393,67611.38269361824
933,2394,67611.38269361824
934,2395,67611.38269361824
935,2396,67611.38269361824
936,2397,67611.38269361824
937,2398,67611.38269361824
938,2399,67611.38269361824
939,2400,67611.38269361824
940,2401,67611.38269361824
941,2402,67611.38269361824
942,2403,67611.38269361824
943,2404,67611.38269361824
944,2405,67611.38269361824
945,2406,67611.38269361824
946,2407,67611.38269361824
947,2408,67611.38269361824
948,2409,67611.38269361824
949,2410,67611.38269361824
950,2411,67611.38269361824
951,2412,67611.38269361824
952,2413,67611.38269361824
953,2414,67611.38269361824
954,2415,67611.38269361824
955,2416,67611.38269361824
956,2417,67611.38269361824
957,2418,67611.38269361824
958,2419,67611.38269361824
959,2420,67611.38269361824
960,2421,67611.38269361824
961,2422,67611.38269361824
962,2423,67611.38269361824
963,2424,67611.38269361824
964,2425,67611.38269361824
965,2426,67611.38269361824
966,2427,67611.38269361824
967,2428,67611.38269361824
968,2429,67611.38269361824
969,2430,67611.38269361824
970,2431,67611.38269361824
971,2432,67611.38269361824
972,2433,67611.38269361824
973,2434,67611.38269361824
974,2435,67611.38269361824
975,2436,67611.38269361824
976,2437,67611.38269361824
977,2438,67611.38269361824
978,2439,67611.38269361824
979,2440,67611.38269361824
980,2441,67611.38269361824
981,2442,67611.38269361824
982,2443,67611.38269361824
983,2444,67611.38269361824
984,2445,67611.38269361824
985,2446,67611.38269361824
986,2447,67611.38269361824
987,2448,67611.38269361824
988,2449,67611.38269361824
989,2450,67611.38269361824
990,2451,67611.38269361824
991,2452,67611.38269361824
992,2453,67611.38269361824
993,2454,67611.38269361824
994,2455,67611.38269361824
995,2456,67611.38269361824
996,2457,67611.38269361824
997,2458,67611.38269361824
998,2459,67611.38269361824
999,2460,67611.38269361824
1000,2461,67611.38269361824
1001,2462,67611.38269361824
1002,2463,67611.38269361824
1003,2464,67611.38269361824
1004,2465,67611.38269361824
1005,2466,67611.38269361824
1006,2467,67611.38269361824
1007,2468,67611.38269361824
1008,2469,67611.38269361824
1009,2470,67611.38269361824
1010,2471,67611.38269361824
1011,2472,67611.38269361824
1012,2473,67611.38269361824
1013,2474,67611.38269361824
1014,2475,67611.38269361824
1015,2476,67611.38269361824
1016,2477,67611.38269361824
1017,2478,67611.38269361824
1018,2479,67611.38269361824
1019,2480,67611.38269361824
1020,2481,67611.38269361824
1021,2482,67611.38269361824
1022,2483,67611.38269361824
1023,2484,67611.38269361824
1024,2485,67611.38269361824
1025,2486,67611.38269361824
1026,2487,67611.38269361824
1027,2488,67611.38269361824
1028,2489,67611.38269361824
1029,2490,67611.38269361824
1030,2491,67611.38269361824
1031,2492,67611.38269361824
1032,2493,67611.38269361824
1033,2494,67611.38269361824
1034,2495,67611.38269361824
1035,2496,67611.38269361824
1036,2497,67611.38269361824
1037,2498,67611.38269361824
1038,2499,67611.38269361824
1039,2500,67611.38269361824
1040,2501,67611.38269361824
1041,2502,67611.38269361824
1042,2503,67611.38269361824
1043,2504,67611.38269361824
1044,2505,67611.38269361824
1045,2506,67611.38269361824
1046,2507,67611.38269361824
1047,2508,67611.38269361824
1048,2509,67611.38269361824
1049,2510,67611.38269361824
1050,2511,67611.38269361824
1051,2512,67611.38269361824
1052,2513,67611.38269361824
1053,2514,67611.38269361824
1054,2515,67611.38269361824
1055,2516,67611.38269361824
1056,2517,67611.38269361824
1057,2518,67611.38269361824
1058,2519,67611.38269361824
1059,2520,67611.38269361824
1060,2521,67611.38269361824
1061,2522,67611.38269361824
1062,2523,67611.38269361824
1063,2524,67611.38269361824
1064,2525,67611.38269361824
1065,2526,67611.38269361824
1066,2527,67611.38269361824
1067,2528,67611.38269361824
1068,2529,67611.38269361824
1069,2530,67611.38269361824
1070,2531,67611.38269361824
1071,2532,67611.38269361824
1072,2533,67611.38269361824
1073,2534,67611.38269361824
1074,2535,67611.38269361824
1075,2536,67611.38269361824
1076,2537,67611.38269361824
1077,2538,67611.38269361824
1078,2539,67611.38269361824
1079,2540,67611.38269361824
1080,2541,67611.38269361824
1081,2542,67611.38269361824
1082,2543,67611.38269361824
1083,2544,67611.38269361824
1084,2545,67611.38269361824
1085,2546,67611.38269361824
1086,2547,67611.38269361824
1087,2548,67611.38269361824
1088,2549,67611.38269361824
1089,2550,67611.38269361824
1090,2551,67611.38269361824
1091,2552,67611.38269361824
1092,2553,67611.38269361824
1093,2554,67611.38269361824
1094,2555,67611.38269361824
1095,2556,67611.38269361824
1096,2557,67611.38269361824
1097,2558,67611.38269361824
1098,2559,67611.38269361824
1099,2560,67611.38269361824
1100,2561,67611.38269361824
1101,2562,67611.38269361824
1102,2563,67611.38269361824
1103,2564,67611.38269361824
1104,2565,67611.38269361824
1105,2566,67611.38269361824
1106,2567,67611.38269361824
1107,2568,67611.38269361824
1108,2569,67611.38269361824
1109,2570,67611.38269361824
1110,2571,67611.38269361824
1111,2572,67611.38269361824
1112,2573,67611.38269361824
1113,2574,67611.38269361824
1114,2575,67611.38269361824
1115,2576,67611.38269361824
1116,2577,67611.38269361824
1117,2578,67611.38269361824
1118,2579,67611.38269361824
1119,2580,67611.38269361824
1120,2581,67611.38269361824
1121,2582,67611.38269361824
1122,2583,67611.38269361824
1123,2584,67611.38269361824
1124,2585,67611.38269361824
1125,2586,67611.38269361824
1126,2587,67611.38269361824
1127,2588,67611.38269361824
1128,2589,67611.38269361824
1129,2590,67611.38269361824
1130,2591,67611.38269361824
1131,2592,67611.38269361824
1132,2593,67611.38269361824
1133,2594,67611.38269361824
1134,2595,67611.38269361824
1135,2596,67611.38269361824
1136,2597,67611.38269361824
1137,2598,67611.38269361824
1138,2599,67611.38269361824
1139,2600,67611.38269361824
1140,2601,67611.38269361824
1141,2602,67611.38269361824
1142,2603,67611.38269361824
1143,2604,67611.38269361824
1144,2605,67611.38269361824
1145,2606,67611.38269361824
1146,2607,67611.38269361824
1147,2608,67611.38269361824
1148,2609,67611.38269361824
1149,2610,67611.38269361824
1150,2611,67611.38269361824
1151,2612,67611.38269361824
1152,2613,67611.38269361824
1153,2614,67611.38269361824
1154,2615,67611.38269361824
1155,2616,67611.38269361824
1156,2617,67611.38269361824
1157,2618,67611.38269361824
1158,2619,67611.38269361824
1159,2620,67611.38269361824
1160,2621,67611.38269361824
1161,2622,67611.38269361824
1162,2623,67611.38269361824
1163,2624,67611.38269361824
1164,2625,67611.38269361824
1165,2626,67611.38269361824
1166,2627,67611.38269361824
1167,2628,67611.38269361824
1168,2629,67611.38269361824
1169,2630,67611.38269361824
1170,2631,67611.38269361824
1171,2632,67611.38269361824
1172,2633,67611.38269361824
1173,2634,67611.38269361824
1174,2635,67611.38269361824
1175,2636,67611.38269361824
1176,2637,67611.38269361824
1177,2638,67611.38269361824
1178,2639,67611.38269361824
1179,2640,67611.38269361824
1180,2641,67611.38269361824
1181,2642,67611.38269361824
1182,2643,67611.38269361824
1183,2644,67611.38269361824
1184,2645,67611.38269361824
1185,2646,67611.38269361824
1186,2647,67611.38269361824
1187,2648,67611.38269361824
1188,2649,67611.38269361824
1189,2650,67611.38269361824
1190,2651,67611.38269361824
1191,2652,67611.38269361824
1192,2653,67611.38269361824
1193,2654,67611.38269361824
1194,2655,67611.38269361824
1195,2656,67611.38269361824
1196,2657,67611.38269361824
1197,2658,67611.38269361824
1198,2659,67611.38269361824
1199,2660,67611.38269361824
1200,2661,67611.38269361824
1201,2662,67611.38269361824
1202,2663,67611.38269361824
1203,2664,67611.38269361824
1204,2665,67611.38269361824
1205,2666,67611.38269361824
1206,2667,67611.38269361824
1207,2668,67611.38269361824
1208,2669,67611.38269361824
1209,2670,67611.38269361824
1210,2671,67611.38269361824
1211,2672,67611.38269361824
1212,2673,67611.38269361824
1213,2674,67611.38269361824
1214,2675,67611.38269361824
1215,2676,67611.38269361824
1216,2677,67611.38269361824
1217,2678,67611.38269361824
1218,2679,67611.38269361824
1219,2680,67611.38269361824
1220,2681,67611.38269361824
1221,2682,67611.38269361824
1222,2683,67611.38269361824
1223,2684,67611.38269361824
1224,2685,67611.38269361824
1225,2686,67611.38269361824
1226,2687,67611.38269361824
1227,2688,67611.38269361824
1228,2689,67611.38269361824
1229,2690,67611.38269361824
1230,2691,67611.38269361824
1231,2692,67611.38269361824
1232,2693,67611.38269361824
1233,2694,67611.38269361824
1234,2695,67611.38269361824
1235,2696,67611.38269361824
1236,2697,67611.38269361824
1237,2698,67611.38269361824
1238,2699,67611.38269361824
1239,2700,67611.38269361824
1240,2701,67611.38269361824
1241,2702,67611.38269361824
1242,2703,67611.38269361824
1243,2704,67611.38269361824
1244,2705,67611.38269361824
1245,2706,67611.38269361824
1246,2707,67611.38269361824
1247,2708,67611.38269361824
1248,2709,67611.38269361824
1249,2710,67611.38269361824
1250,2711,67611.38269361824
1251,2712,67611.38269361824
1252,2713,67611.38269361824
1253,2714,67611.38269361824
1254,2715,67611.38269361824
1255,2716,67611.38269361824
1256,2717,67611.38269361824
1257,2718,67611.38269361824
1258,2719,67611.38269361824
1259,2720,67611.38269361824
1260,2721,67611.38269361824
1261,2722,67611.38269361824
1262,2723,67611.38269361824
1263,2724,67611.38269361824
1264,2725,67611.38269361824
1265,2726,67611.38269361824
1266,2727,67611.38269361824
1267,2728,67611.38269361824
1268,2729,67611.38269361824
1269,2730,67611.38269361824
1270,2731,67611.38269361824
1271,2732,67611.38269361824
1272,2733,67611.38269361824
1273,2734,67611.38269361824
1274,2735,67611.38269361824
1275,2736,67611.38269361824
1276,2737,67611.38269361824
1277,2738,67611.38269361824
1278,2739,67611.38269361824
1279,2740,67611.38269361824
1280,2741,67611.38269361824
1281,2742,67611.38269361824
1282,2743,67611.38269361824
1283,2744,67611.38269361824
1284,2745,67611.38269361824
1285,2746,67611.38269361824
1286,2747,67611.38269361824
1287,2748,67611.38269361824
1288,2749,67611.38269361824
1289,2750,67611.38269361824
1290,2751,67611.38269361824
1291,2752,67611.38269361824
1292,2753,67611.38269361824
1293,2754,67611.38269361824
1294,2755,67611.38269361824
1295,2756,67611.38269361824
1296,2757,67611.38269361824
1297,2758,67611.38269361824
1298,2759,67611.38269361824
1299,2760,67611.38269361824
1300,2761,67611.38269361824
1301,2762,67611.38269361824
1302,2763,67611.38269361824
1303,2764,67611.38269361824
1304,2765,67611.38269361824
1305,2766,67611.38269361824
1306,2767,67611.38269361824
1307,2768,67611.38269361824
1308,2769,67611.38269361824
1309,2770,67611.38269361824
1310,2771,67611.38269361824
1311,2772,67611.38269361824
1312,2773,67611.38269361824
1313,2774,67611.38269361824
1314,2775,67611.38269361824
1315,2776,67611.38269361824
1316,2777,67611.38269361824
1317,2778,67611.38269361824
1318,2779,67611.38269361824
1319,2780,67611.38269361824
1320,2781,67611.38269361824
1321,2782,67611.38269361824
1322,2783,67611.38269361824
1323,2784,67611.38269361824
1324,2785,67611.38269361824
1325,2786,67611.38269361824
1326,2787,67611.38269361824
1327,2788,67611.38269361824
1328,2789,67611.38269361824
1329,2790,67611.38269361824
1330,2791,67611.38269361824
1331,2792,67611.38269361824
1332,2793,67611.38269361824
1333,2794,67611.38269361824
1334,2795,67611.38269361824
1335,2796,67611.38269361824
1336,2797,67611.38269361824
1337,2798,67611.38269361824
1338,2799,67611.38269361824
1339,2800,67611.38269361824
1340,2801,67611.38269361824
1341,2802,67611.38269361824
1342,2803,67611.38269361824
1343,2804,67611.38269361824
1344,2805,67611.38269361824
1345,2806,67611.38269361824
1346,2807,67611.38269361824
1347,2808,67611.38269361824
1348,2809,67611.38269361824
1349,2810,67611.38269361824
1350,2811,67611.38269361824
1351,2812,67611.38269361824
1352,2813,67611.38269361824
1353,2814,67611.38269361824
1354,2815,67611.38269361824
1355,2816,67611.38269361824
1356,2817,67611.38269361824
1357,2818,67611.38269361824
1358,2819,67611.38269361824
1359,2820,67611.38269361824
1360,2821,67611.38269361824
1361,2822,67611.38269361824
1362,2823,67611.38269361824
1363,2824,67611.38269361824
1364,2825,67611.38269361824
1365,2826,67611.38269361824
1366,2827,67611.38269361824
1367,2828,67611.38269361824
1368,2829,67611.38269361824
1369,2830,67611.38269361824
1370,2831,67611.38269361824
1371,2832,67611.38269361824
1372,2833,67611.38269361824
1373,2834,67611.38269361824
1374,2835,67611.38269361824
1375,2836,67611.38269361824
1376,2837,67611.38269361824
1377,2838,67611.38269361824
1378,2839,67611.38269361824
1379,2840,67611.38269361824
1380,2841,67611.38269361824
1381,2842,67611.38269361824
1382,2843,67611.38269361824
1383,2844,67611.38269361824
1384,2845,67611.38269361824
1385,2846,67611.38269361824
1386,2847,67611.38269361824
1387,2848,67611.38269361824
1388,2849,67611.38269361824
1389,2850,67611.38269361824
1390,2851,67611.38269361824
1391,2852,67611.38269361824
1392,2853,67611.38269361824
1393,2854,67611.38269361824
1394,2855,67611.38269361824
1395,2856,67611.38269361824
1396,2857,67611.38269361824
1397,2858,67611.38269361824
1398,2859,67611.38269361824
1399,2860,67611.38269361824
1400,2861,67611.38269361824
1401,2862,67611.38269361824
1402,2863,67611.38269361824
1403,2864,67611.38269361824
1404,2865,67611.38269361824
1405,2866,67611.38269361824
1406,2867,67611.38269361824
1407,2868,67611.38269361824
1408,2869,67611.38269361824
1409,2870,67611.38269361824
1410,2871,67611.38269361824
1411,2872,67611.38269361824
1412,2873,67611.38269361824
1413,2874,67611.38269361824
1414,2875,67611.38269361824
1415,2876,67611.38269361824
1416,2877,67611.38269361824
1417,2878,67611.38269361824
1418,2879,67611.38269361824
1419,2880,67611.38269361824
1420,2881,67611.38269361824
1421,2882,67611.38269361824
1422,2883,67611.38269361824
1423,2884,67611.38269361824
1424,2885,67611.38269361824
1425,2886,67611.38269361824
1426,2887,67611.38269361824
1427,2888,67611.38269361824
1428,2889,67611.38269361824
1429,2890,67611.38269361824
1430,2891,67611.38269361824
1431,2892,67611.38269361824
1432,2893,67611.38269361824
1433,2894,67611.38269361824
1434,2895,67611.38269361824
1435,2896,67611.38269361824
1436,2897,67611.38269361824
1437,2898,67611.38269361824
1438,2899,67611.38269361824
1439,2900,67611.38269361824
1440,2901,67611.38269361824
1441,2902,67611.38269361824
1442,2903,67611.38269361824
1443,2904,67611.38269361824
1444,2905,67611.38269361824
1445,2906,67611.38269361824
1446,2907,67611.38269361824
1447,2908,67611.38269361824
1448,2909,67611.38269361824
1449,2910,67611.38269361824
1450,2911,67611.38269361824
1451,2912,67611.38269361824
1452,2913,67611.38269361824
1453,2914,67611.38269361824
1454,2915,67611.38269361824
1455,2916,67611.38269361824
1456,2917,67611.38269361824
1457,2918,67611.38269361824
1458,2919,67611.38269361824
